{
    "Bronchial epithelium, basal cells": {
        "odds_ratio": Infinity,
        "adjusted_p_value": 0.00035171679739492317
    },
    "Basal glandular cells": {
        "odds_ratio": Infinity,
        "adjusted_p_value": 0.00035171679739492317
    },
    "Basal keratinocytes": {
        "odds_ratio": Infinity,
        "adjusted_p_value": 0.00035171679739492317
    },
    "Suprabasal keratinocytes": {
        "odds_ratio": 72.38420107719928,
        "adjusted_p_value": 0.02890210468939834
    }
}