{
    "Keratinocyte": {
        "odds_ratio": 108.76618705035972,
        "adjusted_p_value": 0.010568856302583276
    }
}