{
    "B Cell": {
        "odds_ratio": 22.164650432050276,
        "adjusted_p_value": 0.04101644625837925
    }
}