{
    "Endothelial cell": {
        "odds_ratio": 6.910135506317524,
        "adjusted_p_value": 6.2110944609743525e-06
    },
    "Pericyte": {
        "odds_ratio": Infinity,
        "adjusted_p_value": 0.04721680105364988
    }
}