{
    "T cell": {
        "odds_ratio": 3.7868653515084807,
        "adjusted_p_value": 0.0015419405583503153
    },
    "Smooth muscle cell": {
        "odds_ratio": 4.679042067916878,
        "adjusted_p_value": 0.02003879662771291
    },
    "Mast cell": {
        "odds_ratio": 8.928101265822784,
        "adjusted_p_value": 0.02003879662771291
    },
    "Ciliated columnar cell": {
        "odds_ratio": 35.715949367088605,
        "adjusted_p_value": 0.0015419405583503153
    }
}