{
    "Keratinocyte": {
        "odds_ratio": 108.76618705035972,
        "adjusted_p_value": 0.010798614048291608
    }
}