{
    "Bronchial epithelium, basal cells": {
        "odds_ratio": Infinity,
        "adjusted_p_value": 6.440405902200231e-05
    },
    "Basal glandular cells": {
        "odds_ratio": 148.22794117647058,
        "adjusted_p_value": 0.009588482739357465
    },
    "Basal keratinocytes": {
        "odds_ratio": Infinity,
        "adjusted_p_value": 6.440405902200231e-05
    }
}