{
    "Bronchial epithelium, basal cells": {
        "odds_ratio": Infinity,
        "adjusted_p_value": 9.063912131206816e-08
    },
    "Basal glandular cells": {
        "odds_ratio": 1752.9565217391305,
        "adjusted_p_value": 7.946556094431483e-05
    },
    "Basal keratinocytes": {
        "odds_ratio": 1752.9565217391305,
        "adjusted_p_value": 7.946556094431483e-05
    }
}