{
    "Type II alveolar cell/Type II pneumocyte": {
        "odds_ratio": 1919.3333333333333,
        "adjusted_p_value": 0.00024419405227070495
    }
}