{
    "Type I alveolar cell/Type I pneumocyte": {
        "odds_ratio": 359.875,
        "adjusted_p_value": 0.0018600764684366946
    },
    "Type II alveolar cell/Type II pneumocyte": {
        "odds_ratio": 1937.7884615384614,
        "adjusted_p_value": 5.339794810176069e-12
    }
}