{
    "Endothelial cells": {
        "odds_ratio": Infinity,
        "adjusted_p_value": 0.01978067160691207
    },
    "Macrophages": {
        "odds_ratio": 24.931354359925788,
        "adjusted_p_value": 0.03575501692665442
    },
    "Bronchial epithelium, Club cells": {
        "odds_ratio": Infinity,
        "adjusted_p_value": 0.03575501692665442
    },
    "Alveolar cells type 2": {
        "odds_ratio": Infinity,
        "adjusted_p_value": 0.03575501692665442
    }
}