{
    "Acinar cell": {
        "odds_ratio": 442.9230769230769,
        "adjusted_p_value": 0.002555577429524214
    }
}