{
    "Hepatocytes": {
        "odds_ratio": 2239.777777777778,
        "adjusted_p_value": 0.04283695481603644
    }
}