{
    "B cell": {
        "odds_ratio": 11.8563579277865,
        "adjusted_p_value": 8.331335600349809e-05
    },
    "Stromal cell": {
        "odds_ratio": 8.456711092454611,
        "adjusted_p_value": 0.03568027043304899
    },
    "Fibroblast": {
        "odds_ratio": 10.521915213273237,
        "adjusted_p_value": 0.00024107951597181597
    },
    "Fibrocyte": {
        "odds_ratio": 27.460490463215258,
        "adjusted_p_value": 0.018961659052999253
    },
    "Goblet cell": {
        "odds_ratio": 8.457550634903978,
        "adjusted_p_value": 0.03568027043304899
    },
    "Basal cell": {
        "odds_ratio": 27.460490463215258,
        "adjusted_p_value": 0.018961659052999253
    },
    "B Cell": {
        "odds_ratio": 45.887978142076506,
        "adjusted_p_value": 0.00019468323205179658
    },
    "Mesenchymal cell": {
        "odds_ratio": 20.59638964577657,
        "adjusted_p_value": 0.024228224798987875
    },
    "Plasma B cell": {
        "odds_ratio": 41.19277929155314,
        "adjusted_p_value": 0.01460469307817585
    },
    "Differentiating spermatogonia": {
        "odds_ratio": 54.85442176870748,
        "adjusted_p_value": 0.046648760188068024
    },
    "Tubule cell": {
        "odds_ratio": Infinity,
        "adjusted_p_value": 0.024228224798987875
    }
}