{
    "Hepatocytes": {
        "odds_ratio": 1550.6153846153845,
        "adjusted_p_value": 0.00017011963291623758
    }
}