{
    "Bronchial epithelium, basal cells": {
        "odds_ratio": 1439.9285714285713,
        "adjusted_p_value": 0.02180808656698551
    },
    "Basal glandular cells": {
        "odds_ratio": 1439.9285714285713,
        "adjusted_p_value": 0.02180808656698551
    },
    "Basal keratinocytes": {
        "odds_ratio": 1439.9285714285713,
        "adjusted_p_value": 0.02180808656698551
    }
}