{
    "Endothelial cell": {
        "odds_ratio": 24.262782521346058,
        "adjusted_p_value": 6.658563831719186e-16
    },
    "Neutrophilic granulocyte": {
        "odds_ratio": 6.700615743052088,
        "adjusted_p_value": 0.00012911790723061338
    },
    "Macrophage": {
        "odds_ratio": 13.077272727272728,
        "adjusted_p_value": 9.209547987477416e-07
    },
    "Smooth muscle cell": {
        "odds_ratio": 5.469478256934703,
        "adjusted_p_value": 0.02640160234441219
    },
    "Epithelial cell": {
        "odds_ratio": 4.803610170962423,
        "adjusted_p_value": 0.002078064736359113
    },
    "Stromal cell": {
        "odds_ratio": 6.6855815496930475,
        "adjusted_p_value": 0.01444018553135719
    },
    "Mast cell": {
        "odds_ratio": 20.062717770034844,
        "adjusted_p_value": 0.0007275734804838673
    },
    "Vascular endothelial cell": {
        "odds_ratio": 60.194126431060226,
        "adjusted_p_value": 9.974257354895469e-05
    },
    "Pericyte": {
        "odds_ratio": 25.068407960199004,
        "adjusted_p_value": 0.0019108855212584795
    },
    "Fibroblast": {
        "odds_ratio": 4.721592074797034,
        "adjusted_p_value": 0.01392266154783763
    },
    "Monocyte": {
        "odds_ratio": 12.036436037829766,
        "adjusted_p_value": 0.0023852819107169124
    },
    "Dendritic cell": {
        "odds_ratio": 6.016724738675959,
        "adjusted_p_value": 0.019814658662388244
    },
    "Ciliated columnar cell": {
        "odds_ratio": 16.71144278606965,
        "adjusted_p_value": 0.003427224451988162
    },
    "Type I alveolar cell/Type I pneumocyte": {
        "odds_ratio": 80.33084205281514,
        "adjusted_p_value": 1.313258731446831e-06
    },
    "Type II alveolar cell/Type II pneumocyte": {
        "odds_ratio": 80.33084205281514,
        "adjusted_p_value": 1.313258731446831e-06
    }
}