{
    "Kupffer cells": {
        "odds_ratio": 203.62626262626262,
        "adjusted_p_value": 0.015740107463748057
    }
}