{
    "Fibroblasts": {
        "odds_ratio": 839.9583333333334,
        "adjusted_p_value": 0.09810233927076903
    }
}