{
    "result": [],
    "meta": {
        "query_metadata": {
            "queries": {
                "query_1": [
                    "ENSG00000159516",
                    "ENSG00000166340",
                    "ENSG00000116690",
                    "ENSG00000168398",
                    "ENSG00000157601",
                    "ENSG00000277775",
                    "ENSG00000166147",
                    "ENSG00000165949",
                    "ENSG00000103066"
                ]
            },
            "organism": "hsapiens",
            "all_results": false,
            "ordered": false,
            "no_iea": false,
            "sources": [
                "GO:MF",
                "GO:CC",
                "GO:BP"
            ],
            "combined": false,
            "aresolve": {},
            "numeric_ns": "ENTREZGENE_ACC",
            "domain_scope": "annotated",
            "measure_underrepresentation": false,
            "significance_threshold_method": "g_SCS",
            "user_threshold": 0.05,
            "no_evidences": true,
            "highlight": null
        },
        "result_metadata": {
            "GO:MF": {
                "domain_size": 20212,
                "number_of_terms": 11198,
                "threshold": 0.000386
            },
            "GO:CC": {
                "domain_size": 22097,
                "number_of_terms": 4058,
                "threshold": 0.000408
            },
            "GO:BP": {
                "domain_size": 21031,
                "number_of_terms": 27185,
                "threshold": 4.4e-05
            }
        },
        "genes_metadata": {
            "failed": [],
            "ambiguous": {},
            "duplicates": [],
            "query": {
                "query_1": {
                    "mapping": {
                        "ENSG00000159516": [
                            "ENSG00000159516"
                        ],
                        "ENSG00000166340": [
                            "ENSG00000166340"
                        ],
                        "ENSG00000116690": [
                            "ENSG00000116690"
                        ],
                        "ENSG00000168398": [
                            "ENSG00000168398"
                        ],
                        "ENSG00000157601": [
                            "ENSG00000157601"
                        ],
                        "ENSG00000277775": [
                            "ENSG00000277775"
                        ],
                        "ENSG00000166147": [
                            "ENSG00000166147"
                        ],
                        "ENSG00000165949": [
                            "ENSG00000165949"
                        ],
                        "ENSG00000103066": [
                            "ENSG00000103066"
                        ]
                    },
                    "ensgs": [
                        "ENSG00000159516",
                        "ENSG00000166340",
                        "ENSG00000116690",
                        "ENSG00000168398",
                        "ENSG00000157601",
                        "ENSG00000277775",
                        "ENSG00000166147",
                        "ENSG00000165949",
                        "ENSG00000103066"
                    ]
                }
            }
        },
        "timestamp": "2024-05-11T11:01:41.554563+00:00",
        "version": "e111_eg58_p18_30541362"
    }
}