{
    "Genelist1": 1.097916856825211e-20,
    "Genelist2": 9.428918760565767e-33,
    "Genelist3": 1.0,
    "Genelist4": 9.268596173111627e-65,
    "Genelist5": 1.0,
    "Genelist6": 6.731526109403358e-45
}